{"cameraMode":{"drawMode":0,"name":"Shaded","section":"Shading Mode"},"sceneLighting":true,"audioPlay":false,"sceneViewState":{"m_AlwaysRefresh":false,"showFog":true,"showSkybox":true,"showFlares":true,"showImageEffects":true,"showParticleSystems":true,"showVisualEffectGraphs":true,"m_FxEnabled":true},"in2DMode":false,"pivot":{"x":-0.10318192839622498,"y":-0.15364214777946473,"z":0.8513654470443726},"rotation":{"x":0.013499635271728039,"y":-3.878126335621346e-7,"z":-7.115773570376405e-8,"w":0.9999096393585205},"size":1.6490446329116822,"orthographic":false}